{"cameraMode":{"drawMode":0,"name":"Shaded","section":"Shading Mode"},"sceneLighting":true,"audioPlay":false,"sceneViewState":{"m_AlwaysRefresh":false,"showFog":true,"showSkybox":true,"showFlares":true,"showImageEffects":true,"showParticleSystems":true,"showVisualEffectGraphs":true,"m_FxEnabled":true},"in2DMode":false,"pivot":{"x":723.0067138671875,"y":-14.770803451538086,"z":693.565673828125},"rotation":{"x":0.2514410614967346,"y":-0.040636297315359119,"z":0.01056673564016819,"w":0.9669615030288696},"size":21.080886840820314,"orthographic":false}